Date;Euro
25/08/2022 23:00:00;€ € 626,73
25/08/2022 22:00:00;€ € 673,40
25/08/2022 21:00:00;€ € 710,00
25/08/2022 20:00:00;€ € 760,00
25/08/2022 19:00:00;€ € 766,79
25/08/2022 18:00:00;€ € 714,23
25/08/2022 17:00:00;€ € 686,80
25/08/2022 16:00:00;€ € 564,35
25/08/2022 15:00:00;€ € 500,00
25/08/2022 14:00:00;€ € 417,35
25/08/2022 13:00:00;€ € 488,32
25/08/2022 12:00:00;€ € 434,26
25/08/2022 11:00:00;€ € 492,50
25/08/2022 10:00:00;€ € 572,01
25/08/2022 9:00:00;€ € 637,72
25/08/2022 8:00:00;€ € 689,78
25/08/2022 7:00:00;€ € 667,71
25/08/2022 6:00:00;€ € 606,22
25/08/2022 5:00:00;€ € 530,07
25/08/2022 4:00:00;€ € 518,60
25/08/2022 3:00:00;€ € 513,06
25/08/2022 2:00:00;€ € 520,07
25/08/2022 1:00:00;€ € 522,92
25/08/2022 0:00:00;€ € 503,78
24/08/2022 23:00:00;€ € 571,15
24/08/2022 22:00:00;€ € 659,37
24/08/2022 21:00:00;€ € 724,78
24/08/2022 20:00:00;€ € 783,56
24/08/2022 19:00:00;€ € 850,00
24/08/2022 18:00:00;€ € 750,00
24/08/2022 17:00:00;€ € 672,33
24/08/2022 16:00:00;€ € 584,08
24/08/2022 15:00:00;€ € 555,75
24/08/2022 14:00:00;€ € 501,70
24/08/2022 13:00:00;€ € 502,74
24/08/2022 12:00:00;€ € 462,98
24/08/2022 11:00:00;€ € 527,36
24/08/2022 10:00:00;€ € 534,84
24/08/2022 9:00:00;€ € 649,92
24/08/2022 8:00:00;€ € 694,26
24/08/2022 7:00:00;€ € 683,25
24/08/2022 6:00:00;€ € 648,00
24/08/2022 5:00:00;€ € 574,18
24/08/2022 4:00:00;€ € 539,01
24/08/2022 3:00:00;€ € 535,98
24/08/2022 2:00:00;€ € 550,19
24/08/2022 1:00:00;€ € 550,00
24/08/2022 0:00:00;€ € 581,80
23/08/2022 23:00:00;€ € 599,99
23/08/2022 22:00:00;€ € 644,00
23/08/2022 21:00:00;€ € 708,83
23/08/2022 20:00:00;€ € 771,00
23/08/2022 19:00:00;€ € 794,95
23/08/2022 18:00:00;€ € 713,65
23/08/2022 17:00:00;€ € 648,15
23/08/2022 16:00:00;€ € 604,43
23/08/2022 15:00:00;€ € 572,82
23/08/2022 14:00:00;€ € 550,03
23/08/2022 13:00:00;€ € 496,33
23/08/2022 12:00:00;€ € 511,33
23/08/2022 11:00:00;€ € 538,65
23/08/2022 10:00:00;€ € 614,01
23/08/2022 9:00:00;€ € 640,10
23/08/2022 8:00:00;€ € 680,00
23/08/2022 7:00:00;€ € 668,21
23/08/2022 6:00:00;€ € 627,95
23/08/2022 5:00:00;€ € 531,02
23/08/2022 4:00:00;€ € 503,32
23/08/2022 3:00:00;€ € 500,57
23/08/2022 2:00:00;€ € 507,00
23/08/2022 1:00:00;€ € 504,73
23/08/2022 0:00:00;€ € 550,00
22/08/2022 23:00:00;€ € 545,00
22/08/2022 22:00:00;€ € 588,86
22/08/2022 21:00:00;€ € 631,07
22/08/2022 20:00:00;€ € 679,97
22/08/2022 19:00:00;€ € 644,23
22/08/2022 18:00:00;€ € 640,00
22/08/2022 17:00:00;€ € 613,55
22/08/2022 16:00:00;€ € 586,67
22/08/2022 15:00:00;€ € 577,20
22/08/2022 14:00:00;€ € 550,83
22/08/2022 13:00:00;€ € 539,45
22/08/2022 12:00:00;€ € 527,29
22/08/2022 11:00:00;€ € 567,50
22/08/2022 10:00:00;€ € 583,46
22/08/2022 9:00:00;€ € 595,59
22/08/2022 8:00:00;€ € 610,00
22/08/2022 7:00:00;€ € 599,90
22/08/2022 6:00:00;€ € 561,66
22/08/2022 5:00:00;€ € 497,08
22/08/2022 4:00:00;€ € 450,02
22/08/2022 3:00:00;€ € 447,78
22/08/2022 2:00:00;€ € 467,72
22/08/2022 1:00:00;€ € 477,42
22/08/2022 0:00:00;€ € 504,25
21/08/2022 23:00:00;€ € 565,76
21/08/2022 22:00:00;€ € 586,62
21/08/2022 21:00:00;€ € 601,59
21/08/2022 20:00:00;€ € 621,41
21/08/2022 19:00:00;€ € 592,00
21/08/2022 18:00:00;€ € 530,00
21/08/2022 17:00:00;€ € 455,00
21/08/2022 16:00:00;€ € 317,26
21/08/2022 15:00:00;€ € 211,24
21/08/2022 14:00:00;€ € 109,75
21/08/2022 13:00:00;€ € 88,81
21/08/2022 12:00:00;€ € 180,98
21/08/2022 11:00:00;€ € 208,13
21/08/2022 10:00:00;€ € 254,52
21/08/2022 9:00:00;€ € 317,26
21/08/2022 8:00:00;€ € 332,00
21/08/2022 7:00:00;€ € 348,35
21/08/2022 6:00:00;€ € 365,99
21/08/2022 5:00:00;€ € 324,07
21/08/2022 4:00:00;€ € 323,00
21/08/2022 3:00:00;€ € 344,27
21/08/2022 2:00:00;€ € 374,94
21/08/2022 1:00:00;€ € 381,00
21/08/2022 0:00:00;€ € 430,27
20/08/2022 23:00:00;€ € 373,30
20/08/2022 22:00:00;€ € 407,55
20/08/2022 21:00:00;€ € 480,00
20/08/2022 20:00:00;€ € 441,80
20/08/2022 19:00:00;€ € 529,91
20/08/2022 18:00:00;€ € 475,06
20/08/2022 17:00:00;€ € 402,56
20/08/2022 16:00:00;€ € 330,55
20/08/2022 15:00:00;€ € 325,32
20/08/2022 14:00:00;€ € 310,19
20/08/2022 13:00:00;€ € 331,80
20/08/2022 12:00:00;€ € 403,82
20/08/2022 11:00:00;€ € 443,19
20/08/2022 10:00:00;€ € 464,50
20/08/2022 9:00:00;€ € 480,02
20/08/2022 8:00:00;€ € 484,93
20/08/2022 7:00:00;€ € 475,03
20/08/2022 6:00:00;€ € 471,69
20/08/2022 5:00:00;€ € 452,15
20/08/2022 4:00:00;€ € 452,61
20/08/2022 3:00:00;€ € 460,04
20/08/2022 2:00:00;€ € 480,09
20/08/2022 1:00:00;€ € 500,05
20/08/2022 0:00:00;€ € 512,09
19/08/2022 23:00:00;€ € 504,93
19/08/2022 22:00:00;€ € 530,58
19/08/2022 21:00:00;€ € 550,00
19/08/2022 20:00:00;€ € 569,40
19/08/2022 19:00:00;€ € 568,99
19/08/2022 18:00:00;€ € 545,56
19/08/2022 17:00:00;€ € 517,42
19/08/2022 16:00:00;€ € 490,86
19/08/2022 15:00:00;€ € 451,77
19/08/2022 14:00:00;€ € 443,75
19/08/2022 13:00:00;€ € 482,60
19/08/2022 12:00:00;€ € 485,79
19/08/2022 11:00:00;€ € 499,68
19/08/2022 10:00:00;€ € 505,34
19/08/2022 9:00:00;€ € 535,58
19/08/2022 8:00:00;€ € 577,72
19/08/2022 7:00:00;€ € 571,20
19/08/2022 6:00:00;€ € 518,63
19/08/2022 5:00:00;€ € 469,62
19/08/2022 4:00:00;€ € 439,39
19/08/2022 3:00:00;€ € 416,45
19/08/2022 2:00:00;€ € 450,10
19/08/2022 1:00:00;€ € 467,63
19/08/2022 0:00:00;€ € 510,09
18/08/2022 23:00:00;€ € 524,93
18/08/2022 22:00:00;€ € 552,73
18/08/2022 21:00:00;€ € 600,06
18/08/2022 20:00:00;€ € 644,38
18/08/2022 19:00:00;€ € 645,07
18/08/2022 18:00:00;€ € 580,42
18/08/2022 17:00:00;€ € 542,04
18/08/2022 16:00:00;€ € 511,39
18/08/2022 15:00:00;€ € 521,99
18/08/2022 14:00:00;€ € 528,77
18/08/2022 13:00:00;€ € 526,69
18/08/2022 12:00:00;€ € 525,40
18/08/2022 11:00:00;€ € 560,00
18/08/2022 10:00:00;€ € 575,09
18/08/2022 9:00:00;€ € 613,59
18/08/2022 8:00:00;€ € 600,00
18/08/2022 7:00:00;€ € 598,90
18/08/2022 6:00:00;€ € 550,00
18/08/2022 5:00:00;€ € 402,06
18/08/2022 4:00:00;€ € 407,75
18/08/2022 3:00:00;€ € 428,70
18/08/2022 2:00:00;€ € 480,00
18/08/2022 1:00:00;€ € 479,90
18/08/2022 0:00:00;€ € 523,92
17/08/2022 23:00:00;€ € 499,65
17/08/2022 22:00:00;€ € 552,03
17/08/2022 21:00:00;€ € 629,09
17/08/2022 20:00:00;€ € 681,00
17/08/2022 19:00:00;€ € 747,93
17/08/2022 18:00:00;€ € 676,04
17/08/2022 17:00:00;€ € 593,30
17/08/2022 16:00:00;€ € 541,60
17/08/2022 15:00:00;€ € 508,79
17/08/2022 14:00:00;€ € 491,32
17/08/2022 13:00:00;€ € 507,26
17/08/2022 12:00:00;€ € 507,77
17/08/2022 11:00:00;€ € 526,89
17/08/2022 10:00:00;€ € 549,97
17/08/2022 9:00:00;€ € 575,10
17/08/2022 8:00:00;€ € 616,33
17/08/2022 7:00:00;€ € 593,35
17/08/2022 6:00:00;€ € 479,79
17/08/2022 5:00:00;€ € 420,25
17/08/2022 4:00:00;€ € 377,52
17/08/2022 3:00:00;€ € 424,24
17/08/2022 2:00:00;€ € 472,13
17/08/2022 1:00:00;€ € 483,88
17/08/2022 0:00:00;€ € 523,94
16/08/2022 23:00:00;€ € 477,60
16/08/2022 22:00:00;€ € 531,79
16/08/2022 21:00:00;€ € 598,90
16/08/2022 20:00:00;€ € 600,00
16/08/2022 19:00:00;€ € 599,99
16/08/2022 18:00:00;€ € 531,99
16/08/2022 17:00:00;€ € 495,00
16/08/2022 16:00:00;€ € 431,70
16/08/2022 15:00:00;€ € 415,30
16/08/2022 14:00:00;€ € 401,40
16/08/2022 13:00:00;€ € 363,43
16/08/2022 12:00:00;€ € 355,20
16/08/2022 11:00:00;€ € 379,02
16/08/2022 10:00:00;€ € 395,10
16/08/2022 9:00:00;€ € 442,47
16/08/2022 8:00:00;€ € 450,00
16/08/2022 7:00:00;€ € 393,00
16/08/2022 6:00:00;€ € 321,20
16/08/2022 5:00:00;€ € 309,50
16/08/2022 4:00:00;€ € 305,30
16/08/2022 3:00:00;€ € 312,60
16/08/2022 2:00:00;€ € 308,10
16/08/2022 1:00:00;€ € 304,68
16/08/2022 0:00:00;€ € 383,00
15/08/2022 23:00:00;€ € 475,42
15/08/2022 22:00:00;€ € 507,00
15/08/2022 21:00:00;€ € 536,69
15/08/2022 20:00:00;€ € 555,72
15/08/2022 19:00:00;€ € 520,01
15/08/2022 18:00:00;€ € 495,00
15/08/2022 17:00:00;€ € 448,84
15/08/2022 16:00:00;€ € 400,05
15/08/2022 15:00:00;€ € 380,09
15/08/2022 14:00:00;€ € 392,77
15/08/2022 13:00:00;€ € 392,13
15/08/2022 12:00:00;€ € 402,31
15/08/2022 11:00:00;€ € 407,06
15/08/2022 10:00:00;€ € 431,41
15/08/2022 9:00:00;€ € 452,80
15/08/2022 8:00:00;€ € 445,77
15/08/2022 7:00:00;€ € 396,40
15/08/2022 6:00:00;€ € 339,80
15/08/2022 5:00:00;€ € 362,74
15/08/2022 4:00:00;€ € 352,99
15/08/2022 3:00:00;€ € 350,00
15/08/2022 2:00:00;€ € 360,64
15/08/2022 1:00:00;€ € 361,09
15/08/2022 0:00:00;€ € 375,03
14/08/2022 23:00:00;€ € 422,68
14/08/2022 22:00:00;€ € 455,42
14/08/2022 21:00:00;€ € 462,60
14/08/2022 20:00:00;€ € 459,96
14/08/2022 19:00:00;€ € 454,91
14/08/2022 18:00:00;€ € 415,90
14/08/2022 17:00:00;€ € 348,12
14/08/2022 16:00:00;€ € 305,89
14/08/2022 15:00:00;€ € 161,84
14/08/2022 14:00:00;€ € 76,38
14/08/2022 13:00:00;€ € 45,74
14/08/2022 12:00:00;€ € 109,00
14/08/2022 11:00:00;€ € 233,33
14/08/2022 10:00:00;€ € 309,00
14/08/2022 9:00:00;€ € 339,94
14/08/2022 8:00:00;€ € 355,17
14/08/2022 7:00:00;€ € 350,05
14/08/2022 6:00:00;€ € 352,77
14/08/2022 5:00:00;€ € 351,01
14/08/2022 4:00:00;€ € 350,06
14/08/2022 3:00:00;€ € 354,00
14/08/2022 2:00:00;€ € 377,90
14/08/2022 1:00:00;€ € 397,20
14/08/2022 0:00:00;€ € 416,30
13/08/2022 23:00:00;€ € 425,89
13/08/2022 22:00:00;€ € 461,91
13/08/2022 21:00:00;€ € 479,94
13/08/2022 20:00:00;€ € 504,70
13/08/2022 19:00:00;€ € 503,26
13/08/2022 18:00:00;€ € 466,20
13/08/2022 17:00:00;€ € 412,30
13/08/2022 16:00:00;€ € 334,80
13/08/2022 15:00:00;€ € 265,50
13/08/2022 14:00:00;€ € 117,70
13/08/2022 13:00:00;€ € 19,99
13/08/2022 12:00:00;€ € 185,40
13/08/2022 11:00:00;€ € 284,50
13/08/2022 10:00:00;€ € 333,41
13/08/2022 9:00:00;€ € 374,50
13/08/2022 8:00:00;€ € 399,90
13/08/2022 7:00:00;€ € 388,74
13/08/2022 6:00:00;€ € 379,90
13/08/2022 5:00:00;€ € 382,76
13/08/2022 4:00:00;€ € 375,79
13/08/2022 3:00:00;€ € 374,09
13/08/2022 2:00:00;€ € 387,87
13/08/2022 1:00:00;€ € 400,71
13/08/2022 0:00:00;€ € 427,23
12/08/2022 23:00:00;€ € 424,02
12/08/2022 22:00:00;€ € 469,47
12/08/2022 21:00:00;€ € 507,78
12/08/2022 20:00:00;€ € 565,40
12/08/2022 19:00:00;€ € 560,00
12/08/2022 18:00:00;€ € 489,99
12/08/2022 17:00:00;€ € 448,24
12/08/2022 16:00:00;€ € 384,11
12/08/2022 15:00:00;€ € 350,12
12/08/2022 14:00:00;€ € 323,43
12/08/2022 13:00:00;€ € 328,45
12/08/2022 12:00:00;€ € 351,10
12/08/2022 11:00:00;€ € 371,98
12/08/2022 10:00:00;€ € 419,90
12/08/2022 9:00:00;€ € 472,56
12/08/2022 8:00:00;€ € 508,00
12/08/2022 7:00:00;€ € 513,31
12/08/2022 6:00:00;€ € 469,20
12/08/2022 5:00:00;€ € 408,00
12/08/2022 4:00:00;€ € 402,55
12/08/2022 3:00:00;€ € 391,95
12/08/2022 2:00:00;€ € 395,69
12/08/2022 1:00:00;€ € 405,00
12/08/2022 0:00:00;€ € 422,10
11/08/2022 23:00:00;€ € 390,00
11/08/2022 22:00:00;€ € 414,99
11/08/2022 21:00:00;€ € 446,00
11/08/2022 20:00:00;€ € 534,75
11/08/2022 19:00:00;€ € 539,90
11/08/2022 18:00:00;€ € 450,00
11/08/2022 17:00:00;€ € 401,31
11/08/2022 16:00:00;€ € 336,92
11/08/2022 15:00:00;€ € 305,83
11/08/2022 14:00:00;€ € 289,97
11/08/2022 13:00:00;€ € 284,51
11/08/2022 12:00:00;€ € 300,73
11/08/2022 11:00:00;€ € 334,44
11/08/2022 10:00:00;€ € 355,10
11/08/2022 9:00:00;€ € 397,16
11/08/2022 8:00:00;€ € 414,90
11/08/2022 7:00:00;€ € 419,97
11/08/2022 6:00:00;€ € 401,90
11/08/2022 5:00:00;€ € 347,06
11/08/2022 4:00:00;€ € 312,00
11/08/2022 3:00:00;€ € 306,30
11/08/2022 2:00:00;€ € 310,00
11/08/2022 1:00:00;€ € 300,03
11/08/2022 0:00:00;€ € 309,92
10/08/2022 23:00:00;€ € 355,01
10/08/2022 22:00:00;€ € 406,84
10/08/2022 21:00:00;€ € 420,00
10/08/2022 20:00:00;€ € 454,73
10/08/2022 19:00:00;€ € 449,00
10/08/2022 18:00:00;€ € 409,93
10/08/2022 17:00:00;€ € 353,00
10/08/2022 16:00:00;€ € 303,10
10/08/2022 15:00:00;€ € 262,60
10/08/2022 14:00:00;€ € 238,17
10/08/2022 13:00:00;€ € 231,70
10/08/2022 12:00:00;€ € 271,50
10/08/2022 11:00:00;€ € 271,33
10/08/2022 10:00:00;€ € 302,90
10/08/2022 9:00:00;€ € 356,26
10/08/2022 8:00:00;€ € 395,51
10/08/2022 7:00:00;€ € 383,81
10/08/2022 6:00:00;€ € 321,36
10/08/2022 5:00:00;€ € 292,03
10/08/2022 4:00:00;€ € 269,20
10/08/2022 3:00:00;€ € 285,60
10/08/2022 2:00:00;€ € 298,71
10/08/2022 1:00:00;€ € 286,98
10/08/2022 0:00:00;€ € 297,01
9/08/2022 23:00:00;€ € 343,31
9/08/2022 22:00:00;€ € 406,45
9/08/2022 21:00:00;€ € 428,67
9/08/2022 20:00:00;€ € 469,72
9/08/2022 19:00:00;€ € 469,80
9/08/2022 18:00:00;€ € 419,78
9/08/2022 17:00:00;€ € 350,94
9/08/2022 16:00:00;€ € 289,02
9/08/2022 15:00:00;€ € 263,68
9/08/2022 14:00:00;€ € 254,90
9/08/2022 13:00:00;€ € 251,00
9/08/2022 12:00:00;€ € 276,01
9/08/2022 11:00:00;€ € 282,41
9/08/2022 10:00:00;€ € 310,09
9/08/2022 9:00:00;€ € 383,99
9/08/2022 8:00:00;€ € 426,22
9/08/2022 7:00:00;€ € 414,98
9/08/2022 6:00:00;€ € 382,92
9/08/2022 5:00:00;€ € 320,01
9/08/2022 4:00:00;€ € 295,75
9/08/2022 3:00:00;€ € 289,20
9/08/2022 2:00:00;€ € 298,95
9/08/2022 1:00:00;€ € 298,92
9/08/2022 0:00:00;€ € 330,76
8/08/2022 23:00:00;€ € 391,20
8/08/2022 22:00:00;€ € 429,15
8/08/2022 21:00:00;€ € 455,00
8/08/2022 20:00:00;€ € 493,83
8/08/2022 19:00:00;€ € 495,90
8/08/2022 18:00:00;€ € 439,93
8/08/2022 17:00:00;€ € 406,02
8/08/2022 16:00:00;€ € 328,34
8/08/2022 15:00:00;€ € 300,10
8/08/2022 14:00:00;€ € 266,14
8/08/2022 13:00:00;€ € 271,51
8/08/2022 12:00:00;€ € 254,53
8/08/2022 11:00:00;€ € 284,01
8/08/2022 10:00:00;€ € 339,29
8/08/2022 9:00:00;€ € 384,55
8/08/2022 8:00:00;€ € 414,68
8/08/2022 7:00:00;€ € 410,00
8/08/2022 6:00:00;€ € 363,41
8/08/2022 5:00:00;€ € 310,38
8/08/2022 4:00:00;€ € 272,85
8/08/2022 3:00:00;€ € 278,36
8/08/2022 2:00:00;€ € 265,15
8/08/2022 1:00:00;€ € 271,53
8/08/2022 0:00:00;€ € 310,08
7/08/2022 23:00:00;€ € 359,42
7/08/2022 22:00:00;€ € 401,86
7/08/2022 21:00:00;€ € 419,92
7/08/2022 20:00:00;€ € 421,99
7/08/2022 19:00:00;€ € 393,30
7/08/2022 18:00:00;€ € 301,67
7/08/2022 17:00:00;€ € 199,42
7/08/2022 16:00:00;€ € 102,82
7/08/2022 15:00:00;€ € 86,00
7/08/2022 14:00:00;€ € 70,80
7/08/2022 13:00:00;€ € 70,73
7/08/2022 12:00:00;€ € 86,82
7/08/2022 11:00:00;€ € 87,69
7/08/2022 10:00:00;€ € 100,00
7/08/2022 9:00:00;€ € 142,70
7/08/2022 8:00:00;€ € 162,27
7/08/2022 7:00:00;€ € 206,29
7/08/2022 6:00:00;€ € 205,00
7/08/2022 5:00:00;€ € 205,23
7/08/2022 4:00:00;€ € 200,47
7/08/2022 3:00:00;€ € 206,40
7/08/2022 2:00:00;€ € 218,28
7/08/2022 1:00:00;€ € 232,85
7/08/2022 0:00:00;€ € 277,89
6/08/2022 23:00:00;€ € 324,98
6/08/2022 22:00:00;€ € 369,08
6/08/2022 21:00:00;€ € 380,58
6/08/2022 20:00:00;€ € 396,75
6/08/2022 19:00:00;€ € 372,45
6/08/2022 18:00:00;€ € 318,14
6/08/2022 17:00:00;€ € 239,05
6/08/2022 16:00:00;€ € 190,34
6/08/2022 15:00:00;€ € 145,32
6/08/2022 14:00:00;€ € 133,82
6/08/2022 13:00:00;€ € 165,98
6/08/2022 12:00:00;€ € 263,50
6/08/2022 11:00:00;€ € 221,58
6/08/2022 10:00:00;€ € 256,57
6/08/2022 9:00:00;€ € 273,35
6/08/2022 8:00:00;€ € 309,56
6/08/2022 7:00:00;€ € 315,03
6/08/2022 6:00:00;€ € 290,83
6/08/2022 5:00:00;€ € 280,08
6/08/2022 4:00:00;€ € 267,76
6/08/2022 3:00:00;€ € 276,45
6/08/2022 2:00:00;€ € 308,59
6/08/2022 1:00:00;€ € 315,05
6/08/2022 0:00:00;€ € 361,76
5/08/2022 23:00:00;€ € 386,55
5/08/2022 22:00:00;€ € 429,91
5/08/2022 21:00:00;€ € 437,30
5/08/2022 20:00:00;€ € 423,47
5/08/2022 19:00:00;€ € 411,01
5/08/2022 18:00:00;€ € 350,00
5/08/2022 17:00:00;€ € 291,18
5/08/2022 16:00:00;€ € 252,44
5/08/2022 15:00:00;€ € 269,20
5/08/2022 14:00:00;€ € 314,20
5/08/2022 13:00:00;€ € 302,81
5/08/2022 12:00:00;€ € 311,30
5/08/2022 11:00:00;€ € 356,00
5/08/2022 10:00:00;€ € 417,83
5/08/2022 9:00:00;€ € 418,70
5/08/2022 8:00:00;€ € 483,91
5/08/2022 7:00:00;€ € 468,00
5/08/2022 6:00:00;€ € 449,91
5/08/2022 5:00:00;€ € 390,05
5/08/2022 4:00:00;€ € 338,52
5/08/2022 3:00:00;€ € 339,17
5/08/2022 2:00:00;€ € 337,64
5/08/2022 1:00:00;€ € 358,18
5/08/2022 0:00:00;€ € 405,86
4/08/2022 23:00:00;€ € 380,33
4/08/2022 22:00:00;€ € 491,49
4/08/2022 21:00:00;€ € 476,18
4/08/2022 20:00:00;€ € 500,10
4/08/2022 19:00:00;€ € 491,69
4/08/2022 18:00:00;€ € 500,38
4/08/2022 17:00:00;€ € 420,30
4/08/2022 16:00:00;€ € 302,40
4/08/2022 15:00:00;€ € 386,36
4/08/2022 14:00:00;€ € 255,60
4/08/2022 13:00:00;€ € 233,90
4/08/2022 12:00:00;€ € 250,00
4/08/2022 11:00:00;€ € 287,50
4/08/2022 10:00:00;€ € 352,00
4/08/2022 9:00:00;€ € 427,10
4/08/2022 8:00:00;€ € 485,40
4/08/2022 7:00:00;€ € 480,10
4/08/2022 6:00:00;€ € 451,37
4/08/2022 5:00:00;€ € 375,07
4/08/2022 4:00:00;€ € 345,30
4/08/2022 3:00:00;€ € 348,49
4/08/2022 2:00:00;€ € 375,07
4/08/2022 1:00:00;€ € 414,26
4/08/2022 0:00:00;€ € 450,30
3/08/2022 23:00:00;€ € 382,32
3/08/2022 22:00:00;€ € 425,87
3/08/2022 21:00:00;€ € 444,80
3/08/2022 20:00:00;€ € 447,91
3/08/2022 19:00:00;€ € 441,19
3/08/2022 18:00:00;€ € 343,62
3/08/2022 17:00:00;€ € 291,40
3/08/2022 16:00:00;€ € 249,80
3/08/2022 15:00:00;€ € 285,60
3/08/2022 14:00:00;€ € 259,00
3/08/2022 13:00:00;€ € 237,35
3/08/2022 12:00:00;€ € 230,48
3/08/2022 11:00:00;€ € 272,40
3/08/2022 10:00:00;€ € 288,00
3/08/2022 9:00:00;€ € 314,80
3/08/2022 8:00:00;€ € 323,88
3/08/2022 7:00:00;€ € 397,46
3/08/2022 6:00:00;€ € 397,66
3/08/2022 5:00:00;€ € 339,10
3/08/2022 4:00:00;€ € 329,96
3/08/2022 3:00:00;€ € 326,30
3/08/2022 2:00:00;€ € 218,90
3/08/2022 1:00:00;€ € 297,93
3/08/2022 0:00:00;€ € 244,60
2/08/2022 23:00:00;€ € 387,20
2/08/2022 22:00:00;€ € 386,80
2/08/2022 21:00:00;€ € 379,22
2/08/2022 20:00:00;€ € 329,44
2/08/2022 19:00:00;€ € 367,31
2/08/2022 18:00:00;€ € 299,10
2/08/2022 17:00:00;€ € 179,13
2/08/2022 16:00:00;€ € 179,00
2/08/2022 15:00:00;€ € -2,01
2/08/2022 14:00:00;€ € -37,56
2/08/2022 13:00:00;€ € 92,29
2/08/2022 12:00:00;€ € 75,46
2/08/2022 11:00:00;€ € 250,00
2/08/2022 10:00:00;€ € 331,70
2/08/2022 9:00:00;€ € 363,50
2/08/2022 8:00:00;€ € 478,90
2/08/2022 7:00:00;€ € 479,90
2/08/2022 6:00:00;€ € 457,04
2/08/2022 5:00:00;€ € 393,03
2/08/2022 4:00:00;€ € 352,69
2/08/2022 3:00:00;€ € 359,89
2/08/2022 2:00:00;€ € 382,10
2/08/2022 1:00:00;€ € 390,10
2/08/2022 0:00:00;€ € 440,98
1/08/2022 23:00:00;€ € 408,11
1/08/2022 22:00:00;€ € 475,62
1/08/2022 21:00:00;€ € 469,99
1/08/2022 20:00:00;€ € 473,33
1/08/2022 19:00:00;€ € 434,33
1/08/2022 18:00:00;€ € 421,24
1/08/2022 17:00:00;€ € 397,27
1/08/2022 16:00:00;€ € 344,65
1/08/2022 15:00:00;€ € 317,82
1/08/2022 14:00:00;€ € 310,97
1/08/2022 13:00:00;€ € 344,81
1/08/2022 12:00:00;€ € 385,88
1/08/2022 11:00:00;€ € 433,25
1/08/2022 10:00:00;€ € 446,72
1/08/2022 9:00:00;€ € 461,66
1/08/2022 8:00:00;€ € 474,90
1/08/2022 7:00:00;€ € 467,91
1/08/2022 6:00:00;€ € 429,66
1/08/2022 5:00:00;€ € 380,00
1/08/2022 4:00:00;€ € 329,72
1/08/2022 3:00:00;€ € 320,86
1/08/2022 2:00:00;€ € 338,81
1/08/2022 1:00:00;€ € 344,06
1/08/2022 0:00:00;€ € 385,06
31/07/2022 23:00:00;€ € 398,50
31/07/2022 22:00:00;€ € 449,55
31/07/2022 21:00:00;€ € 462,50
31/07/2022 20:00:00;€ € 452,95
31/07/2022 19:00:00;€ € 449,55
31/07/2022 18:00:00;€ € 394,79
31/07/2022 17:00:00;€ € 316,01
31/07/2022 16:00:00;€ € 252,07
31/07/2022 15:00:00;€ € 226,08
31/07/2022 14:00:00;€ € 208,74
31/07/2022 13:00:00;€ € 219,08
31/07/2022 12:00:00;€ € 263,08
31/07/2022 11:00:00;€ € 255,76
31/07/2022 10:00:00;€ € 261,10
31/07/2022 9:00:00;€ € 286,37
31/07/2022 8:00:00;€ € 300,01
31/07/2022 7:00:00;€ € 264,80
31/07/2022 6:00:00;€ € 261,03
31/07/2022 5:00:00;€ € 271,30
31/07/2022 4:00:00;€ € 271,30
31/07/2022 3:00:00;€ € 293,05
31/07/2022 2:00:00;€ € 300,10
31/07/2022 1:00:00;€ € 339,88
31/07/2022 0:00:00;€ € 382,79
30/07/2022 23:00:00;€ € 432,86
30/07/2022 22:00:00;€ € 449,19
30/07/2022 21:00:00;€ € 466,69
30/07/2022 20:00:00;€ € 468,45
30/07/2022 19:00:00;€ € 454,14
30/07/2022 18:00:00;€ € 426,15
30/07/2022 17:00:00;€ € 361,74
30/07/2022 16:00:00;€ € 303,17
30/07/2022 15:00:00;€ € 288,40
30/07/2022 14:00:00;€ € 230,37
30/07/2022 13:00:00;€ € 205,61
30/07/2022 12:00:00;€ € 278,75
30/07/2022 11:00:00;€ € 303,97
30/07/2022 10:00:00;€ € 303,37
30/07/2022 9:00:00;€ € 384,27
30/07/2022 8:00:00;€ € 412,72
30/07/2022 7:00:00;€ € 423,02
30/07/2022 6:00:00;€ € 406,78
30/07/2022 5:00:00;€ € 383,98
30/07/2022 4:00:00;€ € 377,06
30/07/2022 3:00:00;€ € 395,85
30/07/2022 2:00:00;€ € 405,00
30/07/2022 1:00:00;€ € 404,30
30/07/2022 0:00:00;€ € 425,00
29/07/2022 23:00:00;€ € 329,98
29/07/2022 22:00:00;€ € 434,24
29/07/2022 21:00:00;€ € 456,47
29/07/2022 20:00:00;€ € 504,68
29/07/2022 19:00:00;€ € 436,60
29/07/2022 18:00:00;€ € 449,68
29/07/2022 17:00:00;€ € 412,35
29/07/2022 16:00:00;€ € 290,72
29/07/2022 15:00:00;€ € 330,00
29/07/2022 14:00:00;€ € 322,00
29/07/2022 13:00:00;€ € 334,36
29/07/2022 12:00:00;€ € 208,01
29/07/2022 11:00:00;€ € 320,23
29/07/2022 10:00:00;€ € 389,17
29/07/2022 9:00:00;€ € 456,03
29/07/2022 8:00:00;€ € 498,72
29/07/2022 7:00:00;€ € 498,52
29/07/2022 6:00:00;€ € 463,16
29/07/2022 5:00:00;€ € 386,70
29/07/2022 4:00:00;€ € 374,83
29/07/2022 3:00:00;€ € 388,51
29/07/2022 2:00:00;€ € 342,89
29/07/2022 1:00:00;€ € 328,73
29/07/2022 0:00:00;€ € 303,30
28/07/2022 23:00:00;€ € 361,50
28/07/2022 22:00:00;€ € 468,00
28/07/2022 21:00:00;€ € 485,00
28/07/2022 20:00:00;€ € 517,89
28/07/2022 19:00:00;€ € 534,16
28/07/2022 18:00:00;€ € 469,30
28/07/2022 17:00:00;€ € 470,36
28/07/2022 16:00:00;€ € 386,29
28/07/2022 15:00:00;€ € 295,98
28/07/2022 14:00:00;€ € 346,52
28/07/2022 13:00:00;€ € 382,96
28/07/2022 12:00:00;€ € 309,76
28/07/2022 11:00:00;€ € 308,04
28/07/2022 10:00:00;€ € 360,18
28/07/2022 9:00:00;€ € 380,66
28/07/2022 8:00:00;€ € 421,07
28/07/2022 7:00:00;€ € 475,98
28/07/2022 6:00:00;€ € 485,97
28/07/2022 5:00:00;€ € 400,04
28/07/2022 4:00:00;€ € 399,97
28/07/2022 3:00:00;€ € 398,74
28/07/2022 2:00:00;€ € 399,97
28/07/2022 1:00:00;€ € 400,91
28/07/2022 0:00:00;€ € 437,79
27/07/2022 23:00:00;€ € 346,60
27/07/2022 22:00:00;€ € 420,69
27/07/2022 21:00:00;€ € 420,68
27/07/2022 20:00:00;€ € 439,93
27/07/2022 19:00:00;€ € 428,52
27/07/2022 18:00:00;€ € 420,63
27/07/2022 17:00:00;€ € 424,40
27/07/2022 16:00:00;€ € 364,19
27/07/2022 15:00:00;€ € 320,95
27/07/2022 14:00:00;€ € 300,60
27/07/2022 13:00:00;€ € 325,68
27/07/2022 12:00:00;€ € 272,41
27/07/2022 11:00:00;€ € 378,00
27/07/2022 10:00:00;€ € 390,87
27/07/2022 9:00:00;€ € 409,70
27/07/2022 8:00:00;€ € 446,60
27/07/2022 7:00:00;€ € 497,14
27/07/2022 6:00:00;€ € 460,00
27/07/2022 5:00:00;€ € 365,95
27/07/2022 4:00:00;€ € 336,85
27/07/2022 3:00:00;€ € 337,70
27/07/2022 2:00:00;€ € 324,73
27/07/2022 1:00:00;€ € 327,54
27/07/2022 0:00:00;€ € 390,16
26/07/2022 23:00:00;€ € 399,20
26/07/2022 22:00:00;€ € 403,21
26/07/2022 21:00:00;€ € 411,91
26/07/2022 20:00:00;€ € 400,06
26/07/2022 19:00:00;€ € 379,46
26/07/2022 18:00:00;€ € 380,00
26/07/2022 17:00:00;€ € 250,06
26/07/2022 16:00:00;€ € 222,83
26/07/2022 15:00:00;€ € 265,00
26/07/2022 14:00:00;€ € 248,20
26/07/2022 13:00:00;€ € 292,15
26/07/2022 12:00:00;€ € 323,00
26/07/2022 11:00:00;€ € 307,80
26/07/2022 10:00:00;€ € 344,20
26/07/2022 9:00:00;€ € 362,20
26/07/2022 8:00:00;€ € 411,93
26/07/2022 7:00:00;€ € 362,66
26/07/2022 6:00:00;€ € 390,40
26/07/2022 5:00:00;€ € 330,00
26/07/2022 4:00:00;€ € 292,50
26/07/2022 3:00:00;€ € 294,36
26/07/2022 2:00:00;€ € 247,01
26/07/2022 1:00:00;€ € 272,10
26/07/2022 0:00:00;€ € 274,33
25/07/2022 23:00:00;€ € 321,21
25/07/2022 22:00:00;€ € 373,52
25/07/2022 21:00:00;€ € 376,11
25/07/2022 20:00:00;€ € 363,71
25/07/2022 19:00:00;€ € 357,50
25/07/2022 18:00:00;€ € 277,80
25/07/2022 17:00:00;€ € 214,60
25/07/2022 16:00:00;€ € 216,19
25/07/2022 15:00:00;€ € 170,60
25/07/2022 14:00:00;€ € 220,04
25/07/2022 13:00:00;€ € 231,32
25/07/2022 12:00:00;€ € 233,22
25/07/2022 11:00:00;€ € 235,92
25/07/2022 10:00:00;€ € 256,07
25/07/2022 9:00:00;€ € 313,94
25/07/2022 8:00:00;€ € 411,86
25/07/2022 7:00:00;€ € 410,14
25/07/2022 6:00:00;€ € 375,08
25/07/2022 5:00:00;€ € 286,29
25/07/2022 4:00:00;€ € 261,71
25/07/2022 3:00:00;€ € 266,03
25/07/2022 2:00:00;€ € 280,63
25/07/2022 1:00:00;€ € 276,76
25/07/2022 0:00:00;€ € 346,40
24/07/2022 23:00:00;€ € 340,55
24/07/2022 22:00:00;€ € 332,15
24/07/2022 21:00:00;€ € 375,00
24/07/2022 20:00:00;€ € 321,00
24/07/2022 19:00:00;€ € 344,72
24/07/2022 18:00:00;€ € 341,83
24/07/2022 17:00:00;€ € 238,10
24/07/2022 16:00:00;€ € 109,89
24/07/2022 15:00:00;€ € -14,99
24/07/2022 14:00:00;€ € -82,11
24/07/2022 13:00:00;€ € -89,95
24/07/2022 12:00:00;€ € 141,50
24/07/2022 11:00:00;€ € 140,41
24/07/2022 10:00:00;€ € 191,26
24/07/2022 9:00:00;€ € 202,57
24/07/2022 8:00:00;€ € 222,88
24/07/2022 7:00:00;€ € 260,93
24/07/2022 6:00:00;€ € 272,76
24/07/2022 5:00:00;€ € 302,82
24/07/2022 4:00:00;€ € 316,18
24/07/2022 3:00:00;€ € 331,00
24/07/2022 2:00:00;€ € 355,06
24/07/2022 1:00:00;€ € 379,24
24/07/2022 0:00:00;€ € 393,26
23/07/2022 23:00:00;€ € 307,00
23/07/2022 22:00:00;€ € 356,71
23/07/2022 21:00:00;€ € 394,24
23/07/2022 20:00:00;€ € 369,30
23/07/2022 19:00:00;€ € 366,25
23/07/2022 18:00:00;€ € 324,48
23/07/2022 17:00:00;€ € 274,89
23/07/2022 16:00:00;€ € 241,00
23/07/2022 15:00:00;€ € 237,51
23/07/2022 14:00:00;€ € 245,80
23/07/2022 13:00:00;€ € 279,00
23/07/2022 12:00:00;€ € 265,66
23/07/2022 11:00:00;€ € 297,92
23/07/2022 10:00:00;€ € 330,10
23/07/2022 9:00:00;€ € 349,36
23/07/2022 8:00:00;€ € 343,78
23/07/2022 7:00:00;€ € 333,12
23/07/2022 6:00:00;€ € 337,03
23/07/2022 5:00:00;€ € 331,27
23/07/2022 4:00:00;€ € 332,04
23/07/2022 3:00:00;€ € 337,01
23/07/2022 2:00:00;€ € 351,99
23/07/2022 1:00:00;€ € 344,67
23/07/2022 0:00:00;€ € 386,91
22/07/2022 23:00:00;€ € 350,00
22/07/2022 22:00:00;€ € 415,66
22/07/2022 21:00:00;€ € 381,10
22/07/2022 20:00:00;€ € 412,80
22/07/2022 19:00:00;€ € 403,35
22/07/2022 18:00:00;€ € 424,38
22/07/2022 17:00:00;€ € 328,80
22/07/2022 16:00:00;€ € 274,89
22/07/2022 15:00:00;€ € 284,77
22/07/2022 14:00:00;€ € 272,95
22/07/2022 13:00:00;€ € 241,03
22/07/2022 12:00:00;€ € 284,57
22/07/2022 11:00:00;€ € 319,21
22/07/2022 10:00:00;€ € 350,10
22/07/2022 9:00:00;€ € 389,13
22/07/2022 8:00:00;€ € 394,10
22/07/2022 7:00:00;€ € 410,66
22/07/2022 6:00:00;€ € 402,88
22/07/2022 5:00:00;€ € 276,57
22/07/2022 4:00:00;€ € 297,07
22/07/2022 3:00:00;€ € 290,48
22/07/2022 2:00:00;€ € 290,06
22/07/2022 1:00:00;€ € 293,00
22/07/2022 0:00:00;€ € 361,98
21/07/2022 23:00:00;€ € 358,66
21/07/2022 22:00:00;€ € 419,52
21/07/2022 21:00:00;€ € 405,60
21/07/2022 20:00:00;€ € 408,64
21/07/2022 19:00:00;€ € 385,07
21/07/2022 18:00:00;€ € 365,00
21/07/2022 17:00:00;€ € 316,35
21/07/2022 16:00:00;€ € 300,03
21/07/2022 15:00:00;€ € 266,07
21/07/2022 14:00:00;€ € 342,51
21/07/2022 13:00:00;€ € 306,23
21/07/2022 12:00:00;€ € 301,67
21/07/2022 11:00:00;€ € 362,88
21/07/2022 10:00:00;€ € 321,70
21/07/2022 9:00:00;€ € 378,60
21/07/2022 8:00:00;€ € 358,86
21/07/2022 7:00:00;€ € 429,09
21/07/2022 6:00:00;€ € 423,00
21/07/2022 5:00:00;€ € 328,65
21/07/2022 4:00:00;€ € 322,37
21/07/2022 3:00:00;€ € 322,45
21/07/2022 2:00:00;€ € 322,53
21/07/2022 1:00:00;€ € 314,29
21/07/2022 0:00:00;€ € 320,77
20/07/2022 23:00:00;€ € 343,27
20/07/2022 22:00:00;€ € 372,23
20/07/2022 21:00:00;€ € 339,90
20/07/2022 20:00:00;€ € 395,00
20/07/2022 19:00:00;€ € 377,01
20/07/2022 18:00:00;€ € 372,17
20/07/2022 17:00:00;€ € 456,06
20/07/2022 16:00:00;€ € 400,00
20/07/2022 15:00:00;€ € 320,14
20/07/2022 14:00:00;€ € 343,85
20/07/2022 13:00:00;€ € 276,54
20/07/2022 12:00:00;€ € 270,90
20/07/2022 11:00:00;€ € 350,10
20/07/2022 10:00:00;€ € 290,80
20/07/2022 9:00:00;€ € 480,00
20/07/2022 8:00:00;€ € 431,54
20/07/2022 7:00:00;€ € 400,10
20/07/2022 6:00:00;€ € 315,56
20/07/2022 5:00:00;€ € 247,03
20/07/2022 4:00:00;€ € 246,82
20/07/2022 3:00:00;€ € 283,37
20/07/2022 2:00:00;€ € 308,67
20/07/2022 1:00:00;€ € 250,00
20/07/2022 0:00:00;€ € 265,00
19/07/2022 23:00:00;€ € 262,30
19/07/2022 22:00:00;€ € 290,62
19/07/2022 21:00:00;€ € 370,14
19/07/2022 20:00:00;€ € 475,65
19/07/2022 19:00:00;€ € 499,51
19/07/2022 18:00:00;€ € 370,34
19/07/2022 17:00:00;€ € 375,05
19/07/2022 16:00:00;€ € 280,50
19/07/2022 15:00:00;€ € 365,62
19/07/2022 14:00:00;€ € 354,15
19/07/2022 13:00:00;€ € 272,85
19/07/2022 12:00:00;€ € 320,74
19/07/2022 11:00:00;€ € 280,30
19/07/2022 10:00:00;€ € 301,50
19/07/2022 9:00:00;€ € 324,70
19/07/2022 8:00:00;€ € 349,12
19/07/2022 7:00:00;€ € 477,74
19/07/2022 6:00:00;€ € 440,00
19/07/2022 5:00:00;€ € 350,98
19/07/2022 4:00:00;€ € 318,72
19/07/2022 3:00:00;€ € 325,24
19/07/2022 2:00:00;€ € 331,00
19/07/2022 1:00:00;€ € 368,99
19/07/2022 0:00:00;€ € 402,46
18/07/2022 23:00:00;€ € 469,86
18/07/2022 22:00:00;€ € 530,13
18/07/2022 21:00:00;€ € 599,98
18/07/2022 20:00:00;€ € 680,28
18/07/2022 19:00:00;€ € 627,66
18/07/2022 18:00:00;€ € 645,80
18/07/2022 17:00:00;€ € 444,34
18/07/2022 16:00:00;€ € 374,29
18/07/2022 15:00:00;€ € 410,47
18/07/2022 14:00:00;€ € 307,60
18/07/2022 13:00:00;€ € 266,66
18/07/2022 12:00:00;€ € 278,40
18/07/2022 11:00:00;€ € 353,68
18/07/2022 10:00:00;€ € 329,73
18/07/2022 9:00:00;€ € 389,00
18/07/2022 8:00:00;€ € 378,97
18/07/2022 7:00:00;€ € 424,94
18/07/2022 6:00:00;€ € 393,07
18/07/2022 5:00:00;€ € 305,47
18/07/2022 4:00:00;€ € 286,72
18/07/2022 3:00:00;€ € 282,44
18/07/2022 2:00:00;€ € 299,23
18/07/2022 1:00:00;€ € 328,49
18/07/2022 0:00:00;€ € 389,77